BIC,num_states
10207.987778873827,1
9687.821094266516,2
