BIC,num_states
51158.57867811107,1
46876.0144468576,2
