BIC,num_states
12987.915237389829,1
12664.567172684741,2
