BIC,num_states
12387.173953790618,1
11759.179034871444,2
