BIC,num_states
64441.15558558234,1
64506.00514579931,2
