BIC,num_states
29729.374428021958,1
28344.319472567488,2
