BIC,num_states
32198.823823350587,1
32259.51334900799,2
