BIC,num_states
52456.20402012776,1
51290.91455312093,2
