BIC,num_states
64441.15558559286,1
64494.101945514725,2
