BIC,num_states
8922.607269572616,1
8828.0687658765,2
