BIC,num_states
8957.708790554814,1
8915.458969302634,2
