BIC,num_states
8922.606953394032,1
8828.065359859174,2
