BIC,num_states
29729.37442802148,1
28341.71977310732,2
