BIC,num_states
10900.04500275944,1
9423.468542450542,2
