BIC,num_states
10809.388912692753,1
10640.90210968241,2
