BIC,num_states
12907.097532360247,1
12003.519565353987,2
