BIC,num_states
8877.742749519557,1
7755.002571332528,2
