BIC,num_states
8877.742707714366,1
7755.004501609784,2
