BIC,num_states
8922.606957293156,1
8828.06906487405,2
