BIC,num_states
8842.146566655994,1
8705.812095358413,2
