BIC,num_states
64911.76458429034,1
64952.437653245994,2
