BIC,num_states
20569.85147106286,1
20070.892659842124,2
