BIC,num_states
14437.250515760203,1
14409.49497523329,2
