BIC,num_states
29719.44378568999,1
28321.815609316684,2
