BIC,num_states
52994.41904879512,1
51877.417549685626,2
