BIC,num_states
11035.348711851182,1
10858.781325915641,2
