BIC,num_states
48827.92690164236,1
43870.036270033146,2
