BIC,num_states
7716.053117353301,1
7616.864642796791,2
