BIC,num_states
10363.721838021489,1
10207.302793112583,2
