BIC,num_states
11822.927194332684,1
11791.351061649191,2
