BIC,num_states
11055.034730961826,1
10945.144497981471,2
