BIC,num_states
15452.81932702393,1
15023.90712710955,2
