BIC,num_states
12221.294082236287,1
11503.07889002125,2
