BIC,num_states
64441.1555855927,1
64497.59937382976,2
